,EDA,time
0,0.646097,2022-10-26 10:33:43.250
1,0.708886,2022-10-26 10:33:43.500
2,0.679413,2022-10-26 10:33:43.750
3,0.678132,2022-10-26 10:33:44.000
4,0.665318,2022-10-26 10:33:44.250
5,0.662755,2022-10-26 10:33:44.500
6,0.664036,2022-10-26 10:33:44.750
7,0.660192,2022-10-26 10:33:45.000
8,0.661474,2022-10-26 10:33:45.250
9,0.656348,2022-10-26 10:33:45.500
10,0.653785,2022-10-26 10:33:45.750
11,0.651222,2022-10-26 10:33:46.000
12,0.652504,2022-10-26 10:33:46.250
13,0.647378,2022-10-26 10:33:46.500
14,0.644815,2022-10-26 10:33:46.750
15,0.643534,2022-10-26 10:33:47.000
16,0.644815,2022-10-26 10:33:47.250
17,0.640971,2022-10-26 10:33:47.500
18,0.63969,2022-10-26 10:33:47.750
19,0.63969,2022-10-26 10:33:48.000
20,0.637127,2022-10-26 10:33:48.250
21,0.635845,2022-10-26 10:33:48.500
22,0.634564,2022-10-26 10:33:48.750
23,0.628157,2022-10-26 10:33:49.000
24,0.623031,2022-10-26 10:33:49.250
25,0.62175,2022-10-26 10:33:49.500
26,0.62175,2022-10-26 10:33:49.750
27,0.619187,2022-10-26 10:33:50.000
28,0.620468,2022-10-26 10:33:50.250
29,0.617906,2022-10-26 10:33:50.500
30,0.617906,2022-10-26 10:33:50.750
31,0.614061,2022-10-26 10:33:51.000
32,0.614061,2022-10-26 10:33:51.250
33,0.61278,2022-10-26 10:33:51.500
34,0.61278,2022-10-26 10:33:51.750
35,0.610217,2022-10-26 10:33:52.000
36,0.608936,2022-10-26 10:33:52.250
37,0.608936,2022-10-26 10:33:52.500
38,0.607654,2022-10-26 10:33:52.750
39,0.607654,2022-10-26 10:33:53.000
40,0.606373,2022-10-26 10:33:53.250
41,0.607654,2022-10-26 10:33:53.500
42,0.605092,2022-10-26 10:33:53.750
43,0.60381,2022-10-26 10:33:54.000
44,0.605092,2022-10-26 10:33:54.250
45,0.605092,2022-10-26 10:33:54.500
46,0.60381,2022-10-26 10:33:54.750
47,0.605092,2022-10-26 10:33:55.000
48,0.602529,2022-10-26 10:33:55.250
49,0.602529,2022-10-26 10:33:55.500
50,0.601247,2022-10-26 10:33:55.750
51,0.601247,2022-10-26 10:33:56.000
52,0.598685,2022-10-26 10:33:56.250
53,0.597403,2022-10-26 10:33:56.500
54,0.596122,2022-10-26 10:33:56.750
55,0.59484,2022-10-26 10:33:57.000
56,0.596122,2022-10-26 10:33:57.250
57,0.598685,2022-10-26 10:33:57.500
58,0.59484,2022-10-26 10:33:57.750
59,0.593559,2022-10-26 10:33:58.000
60,0.592278,2022-10-26 10:33:58.250
61,0.590996,2022-10-26 10:33:58.500
62,0.589715,2022-10-26 10:33:58.750
63,0.590996,2022-10-26 10:33:59.000
64,0.589715,2022-10-26 10:33:59.250
65,0.589715,2022-10-26 10:33:59.500
66,0.590996,2022-10-26 10:33:59.750
67,0.590996,2022-10-26 10:34:00.000
68,0.589715,2022-10-26 10:34:00.250
69,0.590996,2022-10-26 10:34:00.500
70,0.590996,2022-10-26 10:34:00.750
71,0.589715,2022-10-26 10:34:01.000
72,0.588433,2022-10-26 10:34:01.250
73,0.588433,2022-10-26 10:34:01.500
74,0.588433,2022-10-26 10:34:01.750
75,0.588433,2022-10-26 10:34:02.000
76,0.587152,2022-10-26 10:34:02.250
77,0.588433,2022-10-26 10:34:02.500
78,0.587152,2022-10-26 10:34:02.750
79,0.587152,2022-10-26 10:34:03.000
80,0.584589,2022-10-26 10:34:03.250
81,0.585871,2022-10-26 10:34:03.500
82,0.584589,2022-10-26 10:34:03.750
83,0.583308,2022-10-26 10:34:04.000
84,0.582026,2022-10-26 10:34:04.250
85,0.582026,2022-10-26 10:34:04.500
86,0.580745,2022-10-26 10:34:04.750
87,0.580745,2022-10-26 10:34:05.000
88,0.579463,2022-10-26 10:34:05.250
89,0.579463,2022-10-26 10:34:05.500
90,0.579463,2022-10-26 10:34:05.750
91,0.579463,2022-10-26 10:34:06.000
92,0.579463,2022-10-26 10:34:06.250
93,0.579463,2022-10-26 10:34:06.500
94,0.576901,2022-10-26 10:34:06.750
95,0.576901,2022-10-26 10:34:07.000
96,0.576901,2022-10-26 10:34:07.250
97,0.575619,2022-10-26 10:34:07.500
98,0.575619,2022-10-26 10:34:07.750
99,0.574338,2022-10-26 10:34:08.000
100,0.574338,2022-10-26 10:34:08.250
101,0.573056,2022-10-26 10:34:08.500
102,0.571775,2022-10-26 10:34:08.750
103,0.574338,2022-10-26 10:34:09.000
104,0.573056,2022-10-26 10:34:09.250
105,0.573056,2022-10-26 10:34:09.500
106,0.571775,2022-10-26 10:34:09.750
107,0.571775,2022-10-26 10:34:10.000
108,0.571775,2022-10-26 10:34:10.250
109,0.570494,2022-10-26 10:34:10.500
110,0.573056,2022-10-26 10:34:10.750
111,0.571775,2022-10-26 10:34:11.000
112,0.570494,2022-10-26 10:34:11.250
113,0.573056,2022-10-26 10:34:11.500
114,0.571775,2022-10-26 10:34:11.750
115,0.573056,2022-10-26 10:34:12.000
116,0.571775,2022-10-26 10:34:12.250
117,0.571775,2022-10-26 10:34:12.500
118,0.570494,2022-10-26 10:34:12.750
119,0.569212,2022-10-26 10:34:13.000
120,0.570494,2022-10-26 10:34:13.250
121,0.571775,2022-10-26 10:34:13.500
122,0.569212,2022-10-26 10:34:13.750
123,0.566649,2022-10-26 10:34:14.000
124,0.565368,2022-10-26 10:34:14.250
125,0.566649,2022-10-26 10:34:14.500
126,0.564087,2022-10-26 10:34:14.750
127,0.565368,2022-10-26 10:34:15.000
128,0.564087,2022-10-26 10:34:15.250
129,0.566649,2022-10-26 10:34:15.500
130,0.561524,2022-10-26 10:34:15.750
131,0.566649,2022-10-26 10:34:16.000
132,0.562805,2022-10-26 10:34:16.250
133,0.565368,2022-10-26 10:34:16.500
134,0.562805,2022-10-26 10:34:16.750
135,0.564087,2022-10-26 10:34:17.000
136,0.562805,2022-10-26 10:34:17.250
137,0.565368,2022-10-26 10:34:17.500
138,0.566649,2022-10-26 10:34:17.750
139,0.565368,2022-10-26 10:34:18.000
140,0.562805,2022-10-26 10:34:18.250
141,0.564087,2022-10-26 10:34:18.500
142,0.564087,2022-10-26 10:34:18.750
143,0.565368,2022-10-26 10:34:19.000
144,0.564087,2022-10-26 10:34:19.250
145,0.562805,2022-10-26 10:34:19.500
146,0.561524,2022-10-26 10:34:19.750
147,0.561524,2022-10-26 10:34:20.000
148,0.560242,2022-10-26 10:34:20.250
149,0.561524,2022-10-26 10:34:20.500
150,0.558961,2022-10-26 10:34:20.750
151,0.560242,2022-10-26 10:34:21.000
152,0.558961,2022-10-26 10:34:21.250
153,0.55768,2022-10-26 10:34:21.500
154,0.556398,2022-10-26 10:34:21.750
155,0.558961,2022-10-26 10:34:22.000
156,0.555117,2022-10-26 10:34:22.250
157,0.55768,2022-10-26 10:34:22.500
158,0.556398,2022-10-26 10:34:22.750
159,0.55768,2022-10-26 10:34:23.000
160,0.55768,2022-10-26 10:34:23.250
161,0.556398,2022-10-26 10:34:23.500
162,0.555117,2022-10-26 10:34:23.750
163,0.556398,2022-10-26 10:34:24.000
164,0.553835,2022-10-26 10:34:24.250
165,0.555117,2022-10-26 10:34:24.500
166,0.555117,2022-10-26 10:34:24.750
167,0.553835,2022-10-26 10:34:25.000
168,0.556398,2022-10-26 10:34:25.250
169,0.553835,2022-10-26 10:34:25.500
170,0.551272,2022-10-26 10:34:25.750
171,0.552554,2022-10-26 10:34:26.000
172,0.552554,2022-10-26 10:34:26.250
173,0.553835,2022-10-26 10:34:26.500
174,0.551272,2022-10-26 10:34:26.750
175,0.552554,2022-10-26 10:34:27.000
176,0.549991,2022-10-26 10:34:27.250
177,0.549991,2022-10-26 10:34:27.500
178,0.551272,2022-10-26 10:34:27.750
179,0.54871,2022-10-26 10:34:28.000
180,0.549991,2022-10-26 10:34:28.250
181,0.549991,2022-10-26 10:34:28.500
182,0.551272,2022-10-26 10:34:28.750
183,0.547428,2022-10-26 10:34:29.000
184,0.549991,2022-10-26 10:34:29.250
185,0.54871,2022-10-26 10:34:29.500
186,0.546147,2022-10-26 10:34:29.750
187,0.54871,2022-10-26 10:34:30.000
188,0.544865,2022-10-26 10:34:30.250
189,0.546147,2022-10-26 10:34:30.500
190,0.547428,2022-10-26 10:34:30.750
191,0.547428,2022-10-26 10:34:31.000
192,0.546147,2022-10-26 10:34:31.250
193,0.544865,2022-10-26 10:34:31.500
194,0.546147,2022-10-26 10:34:31.750
195,0.544865,2022-10-26 10:34:32.000
196,0.546147,2022-10-26 10:34:32.250
197,0.543584,2022-10-26 10:34:32.500
198,0.544865,2022-10-26 10:34:32.750
199,0.542303,2022-10-26 10:34:33.000
200,0.542303,2022-10-26 10:34:33.250
201,0.543584,2022-10-26 10:34:33.500
202,0.541021,2022-10-26 10:34:33.750
203,0.542303,2022-10-26 10:34:34.000
204,0.542303,2022-10-26 10:34:34.250
205,0.542303,2022-10-26 10:34:34.500
206,0.543584,2022-10-26 10:34:34.750
207,0.541021,2022-10-26 10:34:35.000
208,0.543584,2022-10-26 10:34:35.250
209,0.541021,2022-10-26 10:34:35.500
210,0.543584,2022-10-26 10:34:35.750
211,0.541021,2022-10-26 10:34:36.000
212,0.542303,2022-10-26 10:34:36.250
213,0.543584,2022-10-26 10:34:36.500
214,0.541021,2022-10-26 10:34:36.750
215,0.542303,2022-10-26 10:34:37.000
216,0.538458,2022-10-26 10:34:37.250
217,0.544865,2022-10-26 10:34:37.500
218,0.541021,2022-10-26 10:34:37.750
219,0.543584,2022-10-26 10:34:38.000
220,0.542303,2022-10-26 10:34:38.250
221,0.544865,2022-10-26 10:34:38.500
222,0.542303,2022-10-26 10:34:38.750
223,0.546147,2022-10-26 10:34:39.000
224,0.544865,2022-10-26 10:34:39.250
225,0.543584,2022-10-26 10:34:39.500
226,0.543584,2022-10-26 10:34:39.750
227,0.544865,2022-10-26 10:34:40.000
228,0.544865,2022-10-26 10:34:40.250
229,0.544865,2022-10-26 10:34:40.500
230,0.544865,2022-10-26 10:34:40.750
231,0.544865,2022-10-26 10:34:41.000
232,0.543584,2022-10-26 10:34:41.250
233,0.541021,2022-10-26 10:34:41.500
234,0.543584,2022-10-26 10:34:41.750
235,0.542303,2022-10-26 10:34:42.000
236,0.543584,2022-10-26 10:34:42.250
237,0.543584,2022-10-26 10:34:42.500
238,0.543584,2022-10-26 10:34:42.750
239,0.53974,2022-10-26 10:34:43.000
240,0.542303,2022-10-26 10:34:43.250
241,0.541021,2022-10-26 10:34:43.500
242,0.53974,2022-10-26 10:34:43.750
243,0.541021,2022-10-26 10:34:44.000
244,0.542303,2022-10-26 10:34:44.250
245,0.542303,2022-10-26 10:34:44.500
246,0.541021,2022-10-26 10:34:44.750
247,0.542303,2022-10-26 10:34:45.000
248,0.541021,2022-10-26 10:34:45.250
249,0.542303,2022-10-26 10:34:45.500
250,0.543584,2022-10-26 10:34:45.750
251,0.542303,2022-10-26 10:34:46.000
252,0.543584,2022-10-26 10:34:46.250
253,0.542303,2022-10-26 10:34:46.500
254,0.543584,2022-10-26 10:34:46.750
255,0.542303,2022-10-26 10:34:47.000
256,0.541021,2022-10-26 10:34:47.250
257,0.541021,2022-10-26 10:34:47.500
258,0.542303,2022-10-26 10:34:47.750
259,0.542303,2022-10-26 10:34:48.000
260,0.544865,2022-10-26 10:34:48.250
261,0.547428,2022-10-26 10:34:48.500
262,0.547428,2022-10-26 10:34:48.750
263,0.546147,2022-10-26 10:34:49.000
264,0.547428,2022-10-26 10:34:49.250
265,0.54871,2022-10-26 10:34:49.500
266,0.547428,2022-10-26 10:34:49.750
267,0.54871,2022-10-26 10:34:50.000
268,0.549991,2022-10-26 10:34:50.250
269,0.54871,2022-10-26 10:34:50.500
270,0.54871,2022-10-26 10:34:50.750
271,0.54871,2022-10-26 10:34:51.000
272,0.54871,2022-10-26 10:34:51.250
273,0.547428,2022-10-26 10:34:51.500
274,0.544865,2022-10-26 10:34:51.750
275,0.544865,2022-10-26 10:34:52.000
276,0.543584,2022-10-26 10:34:52.250
277,0.546147,2022-10-26 10:34:52.500
278,0.544865,2022-10-26 10:34:52.750
279,0.543584,2022-10-26 10:34:53.000
280,0.53974,2022-10-26 10:34:53.250
281,0.542303,2022-10-26 10:34:53.500
282,0.541021,2022-10-26 10:34:53.750
283,0.542303,2022-10-26 10:34:54.000
284,0.538458,2022-10-26 10:34:54.250
285,0.541021,2022-10-26 10:34:54.500
286,0.538458,2022-10-26 10:34:54.750
287,0.541021,2022-10-26 10:34:55.000
288,0.53974,2022-10-26 10:34:55.250
289,0.538458,2022-10-26 10:34:55.500
290,0.53974,2022-10-26 10:34:55.750
291,0.538458,2022-10-26 10:34:56.000
292,0.537177,2022-10-26 10:34:56.250
293,0.53974,2022-10-26 10:34:56.500
294,0.549991,2022-10-26 10:34:56.750
295,0.564087,2022-10-26 10:34:57.000
296,0.590996,2022-10-26 10:34:57.250
297,0.632001,2022-10-26 10:34:57.500
298,0.670443,2022-10-26 10:34:57.750
299,0.710167,2022-10-26 10:34:58.000
300,0.744765,2022-10-26 10:34:58.250
301,0.797303,2022-10-26 10:34:58.500
302,0.847278,2022-10-26 10:34:58.750
303,0.881876,2022-10-26 10:34:59.000
304,0.895971,2022-10-26 10:34:59.250
305,0.906223,2022-10-26 10:34:59.500
306,0.904941,2022-10-26 10:34:59.750
307,0.899815,2022-10-26 10:35:00.000
308,0.890846,2022-10-26 10:35:00.250
309,0.879313,2022-10-26 10:35:00.500
310,0.865218,2022-10-26 10:35:00.750
311,0.856248,2022-10-26 10:35:01.000
312,0.840871,2022-10-26 10:35:01.250
313,0.829338,2022-10-26 10:35:01.500
314,0.817805,2022-10-26 10:35:01.750
315,0.813961,2022-10-26 10:35:02.000
316,0.815243,2022-10-26 10:35:02.250
317,0.826775,2022-10-26 10:35:02.500
318,0.844715,2022-10-26 10:35:02.750
319,0.860092,2022-10-26 10:35:03.000
320,0.875469,2022-10-26 10:35:03.250
321,0.88572,2022-10-26 10:35:03.500
322,0.892127,2022-10-26 10:35:03.750
323,0.893408,2022-10-26 10:35:04.000
324,0.893408,2022-10-26 10:35:04.250
325,0.889564,2022-10-26 10:35:04.500
326,0.880594,2022-10-26 10:35:04.750
327,0.871625,2022-10-26 10:35:05.000
328,0.85881,2022-10-26 10:35:05.250
329,0.851122,2022-10-26 10:35:05.500
330,0.844715,2022-10-26 10:35:05.750
331,0.834464,2022-10-26 10:35:06.000
332,0.829338,2022-10-26 10:35:06.250
333,0.820368,2022-10-26 10:35:06.500
334,0.819087,2022-10-26 10:35:06.750
335,0.811398,2022-10-26 10:35:07.000
336,0.806273,2022-10-26 10:35:07.250
337,0.802428,2022-10-26 10:35:07.500
338,0.798584,2022-10-26 10:35:07.750
339,0.793459,2022-10-26 10:35:08.000
340,0.789614,2022-10-26 10:35:08.250
341,0.787052,2022-10-26 10:35:08.500
342,0.781926,2022-10-26 10:35:08.750
343,0.780645,2022-10-26 10:35:09.000
344,0.774238,2022-10-26 10:35:09.250
345,0.769112,2022-10-26 10:35:09.500
346,0.766549,2022-10-26 10:35:09.750
347,0.765268,2022-10-26 10:35:10.000
348,0.758861,2022-10-26 10:35:10.250
349,0.760142,2022-10-26 10:35:10.500
350,0.758861,2022-10-26 10:35:10.750
351,0.755016,2022-10-26 10:35:11.000
352,0.749891,2022-10-26 10:35:11.250
353,0.752454,2022-10-26 10:35:11.500
354,0.751172,2022-10-26 10:35:11.750
355,0.749891,2022-10-26 10:35:12.000
356,0.751172,2022-10-26 10:35:12.250
357,0.749891,2022-10-26 10:35:12.500
358,0.747328,2022-10-26 10:35:12.750
359,0.746047,2022-10-26 10:35:13.000
360,0.743484,2022-10-26 10:35:13.250
361,0.742202,2022-10-26 10:35:13.500
362,0.738358,2022-10-26 10:35:13.750
363,0.737077,2022-10-26 10:35:14.000
364,0.733232,2022-10-26 10:35:14.250
365,0.729388,2022-10-26 10:35:14.500
366,0.728107,2022-10-26 10:35:14.750
367,0.726825,2022-10-26 10:35:15.000
368,0.720418,2022-10-26 10:35:15.250
369,0.720418,2022-10-26 10:35:15.500
370,0.719137,2022-10-26 10:35:15.750
371,0.715293,2022-10-26 10:35:16.000
372,0.715293,2022-10-26 10:35:16.250
373,0.714011,2022-10-26 10:35:16.500
374,0.710167,2022-10-26 10:35:16.750
375,0.71273,2022-10-26 10:35:17.000
376,0.707604,2022-10-26 10:35:17.250
377,0.71273,2022-10-26 10:35:17.500
378,0.708886,2022-10-26 10:35:17.750
379,0.706323,2022-10-26 10:35:18.000
380,0.706323,2022-10-26 10:35:18.250
381,0.702479,2022-10-26 10:35:18.500
382,0.702479,2022-10-26 10:35:18.750
383,0.702479,2022-10-26 10:35:19.000
384,0.70376,2022-10-26 10:35:19.250
385,0.714011,2022-10-26 10:35:19.500
386,0.720418,2022-10-26 10:35:19.750
387,0.737077,2022-10-26 10:35:20.000
388,0.752454,2022-10-26 10:35:20.250
389,0.771675,2022-10-26 10:35:20.500
390,0.793459,2022-10-26 10:35:20.750
391,0.82165,2022-10-26 10:35:21.000
392,0.875469,2022-10-26 10:35:21.250
393,0.970293,2022-10-26 10:35:21.500
394,1.068961,2022-10-26 10:35:21.750
395,1.102347,2022-10-26 10:35:22.000
396,1.163855,2022-10-26 10:35:22.250
397,1.21383,2022-10-26 10:35:22.500
398,1.274056,2022-10-26 10:35:22.750
399,1.348377,2022-10-26 10:35:23.000
400,1.38682,2022-10-26 10:35:23.250
401,1.427825,2022-10-26 10:35:23.500
402,1.453453,2022-10-26 10:35:23.750
403,1.463803,2022-10-26 10:35:24.000
404,1.517622,2022-10-26 10:35:24.250
405,1.574004,2022-10-26 10:35:24.500
406,1.625261,2022-10-26 10:35:24.750
407,1.65217,2022-10-26 10:35:25.000
408,1.67011,2022-10-26 10:35:25.250
409,1.673954,2022-10-26 10:35:25.500
410,1.657296,2022-10-26 10:35:25.750
411,1.632949,2022-10-26 10:35:26.000
412,1.603477,2022-10-26 10:35:26.250
413,1.568879,2022-10-26 10:35:26.500
414,1.538125,2022-10-26 10:35:26.750
415,1.502246,2022-10-26 10:35:27.000
416,1.467648,2022-10-26 10:35:27.250
417,1.439457,2022-10-26 10:35:27.500
418,1.41511,2022-10-26 10:35:27.750
419,1.399733,2022-10-26 10:35:28.000
420,1.385637,2022-10-26 10:35:28.250
421,1.371542,2022-10-26 10:35:28.500
422,1.371542,2022-10-26 10:35:28.750
423,1.366416,2022-10-26 10:35:29.000
424,1.362572,2022-10-26 10:35:29.250
425,1.361291,2022-10-26 10:35:29.500
426,1.353602,2022-10-26 10:35:29.750
427,1.344632,2022-10-26 10:35:30.000
428,1.331818,2022-10-26 10:35:30.250
429,1.321567,2022-10-26 10:35:30.500
430,1.317723,2022-10-26 10:35:30.750
431,1.313879,2022-10-26 10:35:31.000
432,1.316441,2022-10-26 10:35:31.250
433,1.330537,2022-10-26 10:35:31.500
434,1.344632,2022-10-26 10:35:31.750
435,1.344632,2022-10-26 10:35:32.000
436,1.374105,2022-10-26 10:35:32.250
437,1.395889,2022-10-26 10:35:32.500
438,1.408703,2022-10-26 10:35:32.750
439,1.401014,2022-10-26 10:35:33.000
440,1.392044,2022-10-26 10:35:33.250
441,1.383075,2022-10-26 10:35:33.500
442,1.380512,2022-10-26 10:35:33.750
443,1.376668,2022-10-26 10:35:34.000
444,1.371542,2022-10-26 10:35:34.250
445,1.367698,2022-10-26 10:35:34.500
446,1.362572,2022-10-26 10:35:34.750
447,1.351039,2022-10-26 10:35:35.000
448,1.336944,2022-10-26 10:35:35.250
449,1.325411,2022-10-26 10:35:35.500
450,1.313879,2022-10-26 10:35:35.750
451,1.299783,2022-10-26 10:35:36.000
452,1.28825,2022-10-26 10:35:36.250
453,1.275436,2022-10-26 10:35:36.500
454,1.265185,2022-10-26 10:35:36.750
455,1.254934,2022-10-26 10:35:37.000
456,1.249808,2022-10-26 10:35:37.250
457,1.24212,2022-10-26 10:35:37.500
458,1.234431,2022-10-26 10:35:37.750
459,1.23315,2022-10-26 10:35:38.000
460,1.230587,2022-10-26 10:35:38.250
461,1.22418,2022-10-26 10:35:38.500
462,1.226743,2022-10-26 10:35:38.750
463,1.219054,2022-10-26 10:35:39.000
464,1.216492,2022-10-26 10:35:39.250
465,1.21521,2022-10-26 10:35:39.500
466,1.216492,2022-10-26 10:35:39.750
467,1.219054,2022-10-26 10:35:40.000
468,1.226743,2022-10-26 10:35:40.250
469,1.229306,2022-10-26 10:35:40.500
470,1.238276,2022-10-26 10:35:40.750
471,1.238276,2022-10-26 10:35:41.000
472,1.238276,2022-10-26 10:35:41.250
473,1.235713,2022-10-26 10:35:41.500
474,1.231868,2022-10-26 10:35:41.750
475,1.229306,2022-10-26 10:35:42.000
476,1.225461,2022-10-26 10:35:42.250
477,1.21521,2022-10-26 10:35:42.500
478,1.207522,2022-10-26 10:35:42.750
479,1.20624,2022-10-26 10:35:43.000
480,1.226743,2022-10-26 10:35:43.250
481,1.276718,2022-10-26 10:35:43.500
482,1.349758,2022-10-26 10:35:43.750
483,1.427924,2022-10-26 10:35:44.000
484,1.518904,2022-10-26 10:35:44.250
485,1.5881,2022-10-26 10:35:44.500
486,1.644482,2022-10-26 10:35:44.750
487,1.682924,2022-10-26 10:35:45.000
488,1.704708,2022-10-26 10:35:45.250
489,1.709834,2022-10-26 10:35:45.500
490,1.694457,2022-10-26 10:35:45.750
491,1.671391,2022-10-26 10:35:46.000
492,1.65217,2022-10-26 10:35:46.250
493,1.613728,2022-10-26 10:35:46.500
494,1.575286,2022-10-26 10:35:46.750
495,1.544532,2022-10-26 10:35:47.000
496,1.521467,2022-10-26 10:35:47.250
497,1.490713,2022-10-26 10:35:47.500
498,1.465085,2022-10-26 10:35:47.750
499,1.450989,2022-10-26 10:35:48.000
500,1.440738,2022-10-26 10:35:48.250
501,1.425361,2022-10-26 10:35:48.500
502,1.417673,2022-10-26 10:35:48.750
503,1.421517,2022-10-26 10:35:49.000
504,1.420235,2022-10-26 10:35:49.250
505,1.420235,2022-10-26 10:35:49.500
506,1.420235,2022-10-26 10:35:49.750
507,1.417673,2022-10-26 10:35:50.000
508,1.413828,2022-10-26 10:35:50.250
509,1.43305,2022-10-26 10:35:50.500
510,1.448426,2022-10-26 10:35:50.750
511,1.498401,2022-10-26 10:35:51.000
512,1.572723,2022-10-26 10:35:51.250
513,1.654733,2022-10-26 10:35:51.500
514,1.736743,2022-10-26 10:35:51.750
515,1.795688,2022-10-26 10:35:52.000
516,1.829005,2022-10-26 10:35:52.250
517,1.853351,2022-10-26 10:35:52.500
518,1.858477,2022-10-26 10:35:52.750
519,1.855914,2022-10-26 10:35:53.000
520,1.839256,2022-10-26 10:35:53.250
521,1.805939,2022-10-26 10:35:53.500
522,1.763653,2022-10-26 10:35:53.750
523,1.736743,2022-10-26 10:35:54.000
524,1.689331,2022-10-26 10:35:54.250
525,1.664984,2022-10-26 10:35:54.500
526,1.636793,2022-10-26 10:35:54.750
527,1.609884,2022-10-26 10:35:55.000
528,1.584256,2022-10-26 10:35:55.250
529,1.575286,2022-10-26 10:35:55.500
530,1.568879,2022-10-26 10:35:55.750
531,1.566316,2022-10-26 10:35:56.000
532,1.574004,2022-10-26 10:35:56.250
533,1.589381,2022-10-26 10:35:56.500
534,1.600914,2022-10-26 10:35:56.750
535,1.603477,2022-10-26 10:35:57.000
536,1.612447,2022-10-26 10:35:57.250
537,1.631668,2022-10-26 10:35:57.500
538,1.621417,2022-10-26 10:35:57.750
539,1.604758,2022-10-26 10:35:58.000
540,1.5881,2022-10-26 10:35:58.250
541,1.577849,2022-10-26 10:35:58.500
542,1.571442,2022-10-26 10:35:58.750
543,1.550939,2022-10-26 10:35:59.000
544,1.538125,2022-10-26 10:35:59.250
545,1.532999,2022-10-26 10:35:59.500
546,1.529155,2022-10-26 10:35:59.750
547,1.512497,2022-10-26 10:36:00.000
548,1.508653,2022-10-26 10:36:00.250
549,1.502246,2022-10-26 10:36:00.500
550,1.495839,2022-10-26 10:36:00.750
551,1.48815,2022-10-26 10:36:01.000
552,1.48815,2022-10-26 10:36:01.250
553,1.491994,2022-10-26 10:36:01.500
554,1.490713,2022-10-26 10:36:01.750
555,1.480462,2022-10-26 10:36:02.000
556,1.481743,2022-10-26 10:36:02.250
557,1.47918,2022-10-26 10:36:02.500
558,1.476617,2022-10-26 10:36:02.750
559,1.472773,2022-10-26 10:36:03.000
560,1.467648,2022-10-26 10:36:03.250
561,1.467648,2022-10-26 10:36:03.500
562,1.468929,2022-10-26 10:36:03.750
563,1.463803,2022-10-26 10:36:04.000
564,1.462522,2022-10-26 10:36:04.250
565,1.461241,2022-10-26 10:36:04.500
566,1.458678,2022-10-26 10:36:04.750
567,1.450989,2022-10-26 10:36:05.000
568,1.450989,2022-10-26 10:36:05.250
569,1.445864,2022-10-26 10:36:05.500
570,1.447145,2022-10-26 10:36:05.750
571,1.467648,2022-10-26 10:36:06.000
572,1.453552,2022-10-26 10:36:06.250
573,1.442019,2022-10-26 10:36:06.500
574,1.438175,2022-10-26 10:36:06.750
575,1.438175,2022-10-26 10:36:07.000
576,1.43305,2022-10-26 10:36:07.250
577,1.436894,2022-10-26 10:36:07.500
578,1.445864,2022-10-26 10:36:07.750
579,1.435612,2022-10-26 10:36:08.000
580,1.43305,2022-10-26 10:36:08.250
581,1.429205,2022-10-26 10:36:08.500
582,1.434331,2022-10-26 10:36:08.750
583,1.452271,2022-10-26 10:36:09.000
584,1.485587,2022-10-26 10:36:09.250
585,1.538125,2022-10-26 10:36:09.500
586,1.599633,2022-10-26 10:36:09.750
587,1.643201,2022-10-26 10:36:10.000
588,1.663703,2022-10-26 10:36:10.250
589,1.686768,2022-10-26 10:36:10.500
590,1.711115,2022-10-26 10:36:10.750
591,1.720085,2022-10-26 10:36:11.000
592,1.717522,2022-10-26 10:36:11.250
593,1.707271,2022-10-26 10:36:11.500
594,1.695738,2022-10-26 10:36:11.750
595,1.680361,2022-10-26 10:36:12.000
596,1.663703,2022-10-26 10:36:12.250
597,1.659859,2022-10-26 10:36:12.500
598,1.654733,2022-10-26 10:36:12.750
599,1.643201,2022-10-26 10:36:13.000
600,1.641919,2022-10-26 10:36:13.250
601,1.635512,2022-10-26 10:36:13.500
602,1.626542,2022-10-26 10:36:13.750
603,1.618854,2022-10-26 10:36:14.000
604,1.607321,2022-10-26 10:36:14.250
605,1.602195,2022-10-26 10:36:14.500
606,1.5881,2022-10-26 10:36:14.750
607,1.575286,2022-10-26 10:36:15.000
608,1.567597,2022-10-26 10:36:15.250
609,1.558627,2022-10-26 10:36:15.500
610,1.544532,2022-10-26 10:36:15.750
611,1.545813,2022-10-26 10:36:16.000
612,1.549658,2022-10-26 10:36:16.250
613,1.550939,2022-10-26 10:36:16.500
614,1.556065,2022-10-26 10:36:16.750
615,1.557346,2022-10-26 10:36:17.000
616,1.55222,2022-10-26 10:36:17.250
617,1.558627,2022-10-26 10:36:17.500
618,1.556065,2022-10-26 10:36:17.750
619,1.554783,2022-10-26 10:36:18.000
620,1.548376,2022-10-26 10:36:18.250
621,1.544532,2022-10-26 10:36:18.500
622,1.538125,2022-10-26 10:36:18.750
623,1.534281,2022-10-26 10:36:19.000
624,1.525311,2022-10-26 10:36:19.250
625,1.51506,2022-10-26 10:36:19.500
626,1.513778,2022-10-26 10:36:19.750
627,1.507371,2022-10-26 10:36:20.000
628,1.513778,2022-10-26 10:36:20.250
629,1.522748,2022-10-26 10:36:20.500
630,1.549658,2022-10-26 10:36:20.750
631,1.576567,2022-10-26 10:36:21.000
632,1.59707,2022-10-26 10:36:21.250
633,1.621417,2022-10-26 10:36:21.500
634,1.634231,2022-10-26 10:36:21.750
635,1.653452,2022-10-26 10:36:22.000
636,1.673954,2022-10-26 10:36:22.250
637,1.690613,2022-10-26 10:36:22.500
638,1.698301,2022-10-26 10:36:22.750
639,1.685487,2022-10-26 10:36:23.000
640,1.689331,2022-10-26 10:36:23.250
641,1.695738,2022-10-26 10:36:23.500
642,1.693175,2022-10-26 10:36:23.750
643,1.693175,2022-10-26 10:36:24.000
644,1.690613,2022-10-26 10:36:24.250
645,1.69702,2022-10-26 10:36:24.500
646,1.713678,2022-10-26 10:36:24.750
647,1.744432,2022-10-26 10:36:25.000
648,1.77006,2022-10-26 10:36:25.250
649,1.808502,2022-10-26 10:36:25.500
650,1.836693,2022-10-26 10:36:25.750
651,1.85207,2022-10-26 10:36:26.000
652,1.855914,2022-10-26 10:36:26.250
653,1.86104,2022-10-26 10:36:26.500
654,1.848226,2022-10-26 10:36:26.750
655,1.836693,2022-10-26 10:36:27.000
656,1.825161,2022-10-26 10:36:27.250
657,1.811065,2022-10-26 10:36:27.500
658,1.796969,2022-10-26 10:36:27.750
659,1.773904,2022-10-26 10:36:28.000
660,1.763653,2022-10-26 10:36:28.250
661,1.753402,2022-10-26 10:36:28.500
662,1.74315,2022-10-26 10:36:28.750
663,1.735462,2022-10-26 10:36:29.000
664,1.730336,2022-10-26 10:36:29.250
665,1.723929,2022-10-26 10:36:29.500
666,1.730336,2022-10-26 10:36:29.750
667,1.729055,2022-10-26 10:36:30.000
668,1.711115,2022-10-26 10:36:30.250
669,1.708552,2022-10-26 10:36:30.500
670,1.705989,2022-10-26 10:36:30.750
671,1.700864,2022-10-26 10:36:31.000
672,1.699582,2022-10-26 10:36:31.250
673,1.708552,2022-10-26 10:36:31.500
674,1.723929,2022-10-26 10:36:31.750
675,1.740587,2022-10-26 10:36:32.000
676,1.758527,2022-10-26 10:36:32.250
677,1.77006,2022-10-26 10:36:32.500
678,1.785437,2022-10-26 10:36:32.750
679,1.790562,2022-10-26 10:36:33.000
680,1.786718,2022-10-26 10:36:33.250
681,1.777748,2022-10-26 10:36:33.500
682,1.77006,2022-10-26 10:36:33.750
683,1.764934,2022-10-26 10:36:34.000
684,1.757246,2022-10-26 10:36:34.250
685,1.748276,2022-10-26 10:36:34.500
686,1.729055,2022-10-26 10:36:34.750
687,1.709834,2022-10-26 10:36:35.000
688,1.69702,2022-10-26 10:36:35.250
689,1.68805,2022-10-26 10:36:35.500
690,1.685487,2022-10-26 10:36:35.750
691,1.684206,2022-10-26 10:36:36.000
692,1.677799,2022-10-26 10:36:36.250
693,1.676517,2022-10-26 10:36:36.500
694,1.690613,2022-10-26 10:36:36.750
695,1.690613,2022-10-26 10:36:37.000
696,1.685487,2022-10-26 10:36:37.250
697,1.685487,2022-10-26 10:36:37.500
698,1.671391,2022-10-26 10:36:37.750
699,1.671391,2022-10-26 10:36:38.000
700,1.675236,2022-10-26 10:36:38.250
701,1.671391,2022-10-26 10:36:38.500
702,1.663703,2022-10-26 10:36:38.750
703,1.659859,2022-10-26 10:36:39.000
704,1.654733,2022-10-26 10:36:39.250
705,1.656015,2022-10-26 10:36:39.500
706,1.657296,2022-10-26 10:36:39.750
707,1.657296,2022-10-26 10:36:40.000
708,1.653452,2022-10-26 10:36:40.250
709,1.664984,2022-10-26 10:36:40.500
710,1.67011,2022-10-26 10:36:40.750
711,1.680361,2022-10-26 10:36:41.000
712,1.67908,2022-10-26 10:36:41.250
713,1.675236,2022-10-26 10:36:41.500
714,1.672673,2022-10-26 10:36:41.750
715,1.667547,2022-10-26 10:36:42.000
716,1.667547,2022-10-26 10:36:42.250
717,1.66114,2022-10-26 10:36:42.500
718,1.654733,2022-10-26 10:36:42.750
719,1.650889,2022-10-26 10:36:43.000
720,1.650889,2022-10-26 10:36:43.250
721,1.647045,2022-10-26 10:36:43.500
722,1.640638,2022-10-26 10:36:43.750
723,1.639356,2022-10-26 10:36:44.000
724,1.634231,2022-10-26 10:36:44.250
725,1.635512,2022-10-26 10:36:44.500
726,1.639356,2022-10-26 10:36:44.750
727,1.645763,2022-10-26 10:36:45.000
728,1.657296,2022-10-26 10:36:45.250
729,1.672673,2022-10-26 10:36:45.500
730,1.685487,2022-10-26 10:36:45.750
731,1.69702,2022-10-26 10:36:46.000
732,1.709834,2022-10-26 10:36:46.250
733,1.712397,2022-10-26 10:36:46.500
734,1.712397,2022-10-26 10:36:46.750
735,1.707271,2022-10-26 10:36:47.000
736,1.707271,2022-10-26 10:36:47.250
737,1.704708,2022-10-26 10:36:47.500
738,1.693175,2022-10-26 10:36:47.750
739,1.662422,2022-10-26 10:36:48.000
740,1.666266,2022-10-26 10:36:48.250
741,1.680361,2022-10-26 10:36:48.500
742,1.67011,2022-10-26 10:36:48.750
743,1.659859,2022-10-26 10:36:49.000
744,1.65217,2022-10-26 10:36:49.250
745,1.648326,2022-10-26 10:36:49.500
746,1.654733,2022-10-26 10:36:49.750
747,1.67011,2022-10-26 10:36:50.000
748,1.689331,2022-10-26 10:36:50.250
749,1.731618,2022-10-26 10:36:50.500
750,1.745713,2022-10-26 10:36:50.750
751,1.77006,2022-10-26 10:36:51.000
752,1.777748,2022-10-26 10:36:51.250
753,1.784155,2022-10-26 10:36:51.500
754,1.784155,2022-10-26 10:36:51.750
755,1.777748,2022-10-26 10:36:52.000
756,1.77006,2022-10-26 10:36:52.250
757,1.757246,2022-10-26 10:36:52.500
758,1.748276,2022-10-26 10:36:52.750
759,1.738025,2022-10-26 10:36:53.000
760,1.729055,2022-10-26 10:36:53.250
761,1.717522,2022-10-26 10:36:53.500
762,1.708552,2022-10-26 10:36:53.750
763,1.705989,2022-10-26 10:36:54.000
764,1.703427,2022-10-26 10:36:54.250
765,1.691894,2022-10-26 10:36:54.500
766,1.698301,2022-10-26 10:36:54.750
767,1.682924,2022-10-26 10:36:55.000
768,1.66114,2022-10-26 10:36:55.250
769,1.66114,2022-10-26 10:36:55.500
770,1.653452,2022-10-26 10:36:55.750
771,1.656015,2022-10-26 10:36:56.000
772,1.675236,2022-10-26 10:36:56.250
773,1.689331,2022-10-26 10:36:56.500
774,1.680361,2022-10-26 10:36:56.750
775,1.680361,2022-10-26 10:36:57.000
776,1.67908,2022-10-26 10:36:57.250
777,1.686768,2022-10-26 10:36:57.500
778,1.672673,2022-10-26 10:36:57.750
779,1.672673,2022-10-26 10:36:58.000
780,1.66114,2022-10-26 10:36:58.250
781,1.65217,2022-10-26 10:36:58.500
782,1.640638,2022-10-26 10:36:58.750
783,1.640638,2022-10-26 10:36:59.000
784,1.641919,2022-10-26 10:36:59.250
785,1.640638,2022-10-26 10:36:59.500
786,1.638075,2022-10-26 10:36:59.750
787,1.631668,2022-10-26 10:37:00.000
788,1.640638,2022-10-26 10:37:00.250
789,1.636793,2022-10-26 10:37:00.500
790,1.609884,2022-10-26 10:37:00.750
791,1.61501,2022-10-26 10:37:01.000
792,1.613728,2022-10-26 10:37:01.250
793,1.621417,2022-10-26 10:37:01.500
794,1.668829,2022-10-26 10:37:01.750
795,1.720085,2022-10-26 10:37:02.000
796,1.809784,2022-10-26 10:37:02.250
797,1.911015,2022-10-26 10:37:02.500
798,1.986618,2022-10-26 10:37:02.750
799,2.052169,2022-10-26 10:37:03.000
800,2.103425,2022-10-26 10:37:03.250
801,2.134179,2022-10-26 10:37:03.500
802,2.159807,2022-10-26 10:37:03.750
803,2.164933,2022-10-26 10:37:04.000
804,2.149556,2022-10-26 10:37:04.250
805,2.125209,2022-10-26 10:37:04.500
806,2.093174,2022-10-26 10:37:04.750
807,2.059857,2022-10-26 10:37:05.000
808,2.022697,2022-10-26 10:37:05.250
809,1.994506,2022-10-26 10:37:05.500
810,1.966315,2022-10-26 10:37:05.750
811,1.944531,2022-10-26 10:37:06.000
812,1.920184,2022-10-26 10:37:06.250
813,1.904807,2022-10-26 10:37:06.500
814,1.88943,2022-10-26 10:37:06.750
815,1.872772,2022-10-26 10:37:07.000
816,1.859958,2022-10-26 10:37:07.250
817,1.845862,2022-10-26 10:37:07.500
818,1.838174,2022-10-26 10:37:07.750
819,1.830485,2022-10-26 10:37:08.000
820,1.820234,2022-10-26 10:37:08.250
821,1.809983,2022-10-26 10:37:08.500
822,1.803576,2022-10-26 10:37:08.750
823,1.793325,2022-10-26 10:37:09.000
824,1.786918,2022-10-26 10:37:09.250
825,1.784355,2022-10-26 10:37:09.500
826,1.777948,2022-10-26 10:37:09.750
827,1.771541,2022-10-26 10:37:10.000
828,1.766415,2022-10-26 10:37:10.250
829,1.770259,2022-10-26 10:37:10.500
830,1.768978,2022-10-26 10:37:10.750
831,1.765134,2022-10-26 10:37:11.000
832,1.756164,2022-10-26 10:37:11.250
833,1.756164,2022-10-26 10:37:11.500
834,1.754882,2022-10-26 10:37:11.750
835,1.753601,2022-10-26 10:37:12.000
836,1.748475,2022-10-26 10:37:12.250
837,1.740787,2022-10-26 10:37:12.500
838,1.735661,2022-10-26 10:37:12.750
839,1.730536,2022-10-26 10:37:13.000
840,1.726691,2022-10-26 10:37:13.250
841,1.720284,2022-10-26 10:37:13.500
842,1.71644,2022-10-26 10:37:13.750
843,1.713877,2022-10-26 10:37:14.000
844,1.712596,2022-10-26 10:37:14.250
845,1.708752,2022-10-26 10:37:14.500
846,1.704907,2022-10-26 10:37:14.750
847,1.699782,2022-10-26 10:37:15.000
848,1.695938,2022-10-26 10:37:15.250
849,1.686968,2022-10-26 10:37:15.500
850,1.688249,2022-10-26 10:37:15.750
851,1.681842,2022-10-26 10:37:16.000
852,1.676716,2022-10-26 10:37:16.250
853,1.671591,2022-10-26 10:37:16.500
854,1.666465,2022-10-26 10:37:16.750
855,1.666465,2022-10-26 10:37:17.000
856,1.658777,2022-10-26 10:37:17.250
857,1.665184,2022-10-26 10:37:17.500
858,1.653651,2022-10-26 10:37:17.750
859,1.645963,2022-10-26 10:37:18.000
860,1.645963,2022-10-26 10:37:18.250
861,1.6434,2022-10-26 10:37:18.500
862,1.640837,2022-10-26 10:37:18.750
863,1.638274,2022-10-26 10:37:19.000
864,1.636993,2022-10-26 10:37:19.250
865,1.635711,2022-10-26 10:37:19.500
866,1.63443,2022-10-26 10:37:19.750
867,1.629304,2022-10-26 10:37:20.000
868,1.628023,2022-10-26 10:37:20.250
869,1.621616,2022-10-26 10:37:20.500
870,1.619053,2022-10-26 10:37:20.750
871,1.61649,2022-10-26 10:37:21.000
872,1.610083,2022-10-26 10:37:21.250
873,1.608802,2022-10-26 10:37:21.500
874,1.604958,2022-10-26 10:37:21.750
875,1.604958,2022-10-26 10:37:22.000
876,1.606239,2022-10-26 10:37:22.250
877,1.613927,2022-10-26 10:37:22.500
878,1.62546,2022-10-26 10:37:22.750
879,1.630586,2022-10-26 10:37:23.000
880,1.639556,2022-10-26 10:37:23.250
881,1.651088,2022-10-26 10:37:23.500
882,1.651088,2022-10-26 10:37:23.750
883,1.660058,2022-10-26 10:37:24.000
884,1.658777,2022-10-26 10:37:24.250
885,1.660058,2022-10-26 10:37:24.500
886,1.656214,2022-10-26 10:37:24.750
887,1.651088,2022-10-26 10:37:25.000
888,1.645963,2022-10-26 10:37:25.250
889,1.640837,2022-10-26 10:37:25.500
890,1.633149,2022-10-26 10:37:25.750
891,1.630586,2022-10-26 10:37:26.000
892,1.624179,2022-10-26 10:37:26.250
893,1.619053,2022-10-26 10:37:26.500
894,1.617772,2022-10-26 10:37:26.750
895,1.61649,2022-10-26 10:37:27.000
896,1.61649,2022-10-26 10:37:27.250
897,1.617772,2022-10-26 10:37:27.500
898,1.617772,2022-10-26 10:37:27.750
899,1.621616,2022-10-26 10:37:28.000
900,1.621616,2022-10-26 10:37:28.250
901,1.621616,2022-10-26 10:37:28.500
902,1.61649,2022-10-26 10:37:28.750
903,1.612646,2022-10-26 10:37:29.000
904,1.604958,2022-10-26 10:37:29.250
905,1.604958,2022-10-26 10:37:29.500
906,1.603676,2022-10-26 10:37:29.750
907,1.599832,2022-10-26 10:37:30.000
908,1.597269,2022-10-26 10:37:30.250
909,1.585736,2022-10-26 10:37:30.500
910,1.587018,2022-10-26 10:37:30.750
911,1.585736,2022-10-26 10:37:31.000
912,1.584455,2022-10-26 10:37:31.250
913,1.578048,2022-10-26 10:37:31.500
914,1.574204,2022-10-26 10:37:31.750
915,1.567797,2022-10-26 10:37:32.000
916,1.565234,2022-10-26 10:37:32.250
917,1.560108,2022-10-26 10:37:32.500
918,1.556264,2022-10-26 10:37:32.750
919,1.554983,2022-10-26 10:37:33.000
920,1.557545,2022-10-26 10:37:33.250
921,1.547294,2022-10-26 10:37:33.500
922,1.548576,2022-10-26 10:37:33.750
923,1.540887,2022-10-26 10:37:34.000
924,1.54345,2022-10-26 10:37:34.250
925,1.542169,2022-10-26 10:37:34.500
926,1.539606,2022-10-26 10:37:34.750
927,1.53448,2022-10-26 10:37:35.000
928,1.53448,2022-10-26 10:37:35.250
929,1.529354,2022-10-26 10:37:35.500
930,1.528073,2022-10-26 10:37:35.750
931,1.526792,2022-10-26 10:37:36.000
932,1.522947,2022-10-26 10:37:36.250
933,1.521666,2022-10-26 10:37:36.500
934,1.522947,2022-10-26 10:37:36.750
935,1.526792,2022-10-26 10:37:37.000
936,1.533199,2022-10-26 10:37:37.250
937,1.547294,2022-10-26 10:37:37.500
938,1.54345,2022-10-26 10:37:37.750
939,1.542169,2022-10-26 10:37:38.000
940,1.547294,2022-10-26 10:37:38.250
941,1.544731,2022-10-26 10:37:38.500
942,1.547294,2022-10-26 10:37:38.750
943,1.542169,2022-10-26 10:37:39.000
944,1.537043,2022-10-26 10:37:39.250
945,1.533199,2022-10-26 10:37:39.500
946,1.530636,2022-10-26 10:37:39.750
947,1.540887,2022-10-26 10:37:40.000
948,1.56139,2022-10-26 10:37:40.250
949,1.611365,2022-10-26 10:37:40.500
950,1.693375,2022-10-26 10:37:40.750
951,1.803576,2022-10-26 10:37:41.000
952,1.922747,2022-10-26 10:37:41.250
953,2.006038,2022-10-26 10:37:41.500
954,2.08933,2022-10-26 10:37:41.750
955,2.150837,2022-10-26 10:37:42.000
956,2.203375,2022-10-26 10:37:42.250
957,2.229003,2022-10-26 10:37:42.500
958,2.223878,2022-10-26 10:37:42.750
959,2.196968,2022-10-26 10:37:43.000
960,2.187998,2022-10-26 10:37:43.250
961,2.155963,2022-10-26 10:37:43.500
962,2.122647,2022-10-26 10:37:43.750
963,2.099581,2022-10-26 10:37:44.000
964,2.07139,2022-10-26 10:37:44.250
965,2.049606,2022-10-26 10:37:44.500
966,2.025259,2022-10-26 10:37:44.750
967,1.994506,2022-10-26 10:37:45.000
968,1.97144,2022-10-26 10:37:45.250
969,1.949656,2022-10-26 10:37:45.500
970,1.934279,2022-10-26 10:37:45.750
971,1.91634,2022-10-26 10:37:46.000
972,1.897119,2022-10-26 10:37:46.250
973,1.895837,2022-10-26 10:37:46.500
974,1.88046,2022-10-26 10:37:46.750
975,1.868928,2022-10-26 10:37:47.000
976,1.858676,2022-10-26 10:37:47.250
977,1.849707,2022-10-26 10:37:47.500
978,1.845862,2022-10-26 10:37:47.750
979,1.835611,2022-10-26 10:37:48.000
980,1.826641,2022-10-26 10:37:48.250
981,1.820234,2022-10-26 10:37:48.500
982,1.813827,2022-10-26 10:37:48.750
983,1.80742,2022-10-26 10:37:49.000
984,1.80742,2022-10-26 10:37:49.250
985,1.797169,2022-10-26 10:37:49.500
986,1.790762,2022-10-26 10:37:49.750
987,1.783073,2022-10-26 10:37:50.000
988,1.775385,2022-10-26 10:37:50.250
989,1.768978,2022-10-26 10:37:50.500
990,1.763852,2022-10-26 10:37:50.750
991,1.757445,2022-10-26 10:37:51.000
992,1.747194,2022-10-26 10:37:51.250
993,1.742068,2022-10-26 10:37:51.500
994,1.733098,2022-10-26 10:37:51.750
995,1.736943,2022-10-26 10:37:52.000
996,1.72541,2022-10-26 10:37:52.250
997,1.726691,2022-10-26 10:37:52.500
998,1.72541,2022-10-26 10:37:52.750
999,1.722847,2022-10-26 10:37:53.000
1000,1.717721,2022-10-26 10:37:53.250
1001,1.71644,2022-10-26 10:37:53.500
1002,1.711314,2022-10-26 10:37:53.750
1003,1.70747,2022-10-26 10:37:54.000
1004,1.701063,2022-10-26 10:37:54.250
1005,1.697219,2022-10-26 10:37:54.500
1006,1.692093,2022-10-26 10:37:54.750
1007,1.68953,2022-10-26 10:37:55.000
1008,1.684405,2022-10-26 10:37:55.250
1009,1.679279,2022-10-26 10:37:55.500
1010,1.676716,2022-10-26 10:37:55.750
1011,1.666465,2022-10-26 10:37:56.000
1012,1.663902,2022-10-26 10:37:56.250
1013,1.658777,2022-10-26 10:37:56.500
1014,1.658777,2022-10-26 10:37:56.750
1015,1.66134,2022-10-26 10:37:57.000
1016,1.662621,2022-10-26 10:37:57.250
1017,1.663902,2022-10-26 10:37:57.500
1018,1.658777,2022-10-26 10:37:57.750
1019,1.660058,2022-10-26 10:37:58.000
1020,1.657495,2022-10-26 10:37:58.250
1021,1.656214,2022-10-26 10:37:58.500
1022,1.657495,2022-10-26 10:37:58.750
1023,1.653651,2022-10-26 10:37:59.000
1024,1.649807,2022-10-26 10:37:59.250
1025,1.645963,2022-10-26 10:37:59.500
1026,1.640837,2022-10-26 10:37:59.750
1027,1.639556,2022-10-26 10:38:00.000
1028,1.633149,2022-10-26 10:38:00.250
1029,1.639556,2022-10-26 10:38:00.500
1030,1.635711,2022-10-26 10:38:00.750
1031,1.631867,2022-10-26 10:38:01.000
1032,1.626742,2022-10-26 10:38:01.250
1033,1.622897,2022-10-26 10:38:01.500
1034,1.620335,2022-10-26 10:38:01.750
1035,1.620335,2022-10-26 10:38:02.000
1036,1.615209,2022-10-26 10:38:02.250
1037,1.611365,2022-10-26 10:38:02.500
1038,1.604958,2022-10-26 10:38:02.750
1039,1.601113,2022-10-26 10:38:03.000
1040,1.595988,2022-10-26 10:38:03.250
1041,1.594706,2022-10-26 10:38:03.500
1042,1.594706,2022-10-26 10:38:03.750
1043,1.588299,2022-10-26 10:38:04.000
1044,1.588299,2022-10-26 10:38:04.250
1045,1.580611,2022-10-26 10:38:04.500
1046,1.585736,2022-10-26 10:38:04.750
1047,1.594706,2022-10-26 10:38:05.000
1048,1.629304,2022-10-26 10:38:05.250
1049,1.677998,2022-10-26 10:38:05.500
1050,1.742068,2022-10-26 10:38:05.750
1051,1.802294,2022-10-26 10:38:06.000
1052,1.861239,2022-10-26 10:38:06.250
1053,1.918903,2022-10-26 10:38:06.500
1054,1.953501,2022-10-26 10:38:06.750
1055,1.981692,2022-10-26 10:38:07.000
1056,1.990662,2022-10-26 10:38:07.250
1057,1.988099,2022-10-26 10:38:07.500
1058,1.984254,2022-10-26 10:38:07.750
1059,1.965033,2022-10-26 10:38:08.000
1060,1.941968,2022-10-26 10:38:08.250
1061,1.920184,2022-10-26 10:38:08.500
1062,1.891993,2022-10-26 10:38:08.750
1063,1.863802,2022-10-26 10:38:09.000
1064,1.842018,2022-10-26 10:38:09.250
1065,1.824078,2022-10-26 10:38:09.500
1066,1.809983,2022-10-26 10:38:09.750
1067,1.790762,2022-10-26 10:38:10.000
1068,1.777948,2022-10-26 10:38:10.250
1069,1.766415,2022-10-26 10:38:10.500
1070,1.757445,2022-10-26 10:38:10.750
1071,1.747194,2022-10-26 10:38:11.000
1072,1.739505,2022-10-26 10:38:11.250
1073,1.73438,2022-10-26 10:38:11.500
1074,1.720284,2022-10-26 10:38:11.750
1075,1.720284,2022-10-26 10:38:12.000
1076,1.710033,2022-10-26 10:38:12.250
1077,1.704907,2022-10-26 10:38:12.500
1078,1.703626,2022-10-26 10:38:12.750
1079,1.706189,2022-10-26 10:38:13.000
1080,1.703626,2022-10-26 10:38:13.250
1081,1.699782,2022-10-26 10:38:13.500
1082,1.699782,2022-10-26 10:38:13.750
1083,1.701063,2022-10-26 10:38:14.000
1084,1.697219,2022-10-26 10:38:14.250
1085,1.694656,2022-10-26 10:38:14.500
1086,1.694656,2022-10-26 10:38:14.750
1087,1.697219,2022-10-26 10:38:15.000
1088,1.702345,2022-10-26 10:38:15.250
1089,1.71644,2022-10-26 10:38:15.500
1090,1.730536,2022-10-26 10:38:15.750
1091,1.745912,2022-10-26 10:38:16.000
1092,1.757445,2022-10-26 10:38:16.250
1093,1.763852,2022-10-26 10:38:16.500
1094,1.763852,2022-10-26 10:38:16.750
1095,1.762571,2022-10-26 10:38:17.000
1096,1.760008,2022-10-26 10:38:17.250
1097,1.758727,2022-10-26 10:38:17.500
1098,1.749757,2022-10-26 10:38:17.750
1099,1.73438,2022-10-26 10:38:18.000
1100,1.721566,2022-10-26 10:38:18.250
1101,1.710033,2022-10-26 10:38:18.500
1102,1.697219,2022-10-26 10:38:18.750
1103,1.686968,2022-10-26 10:38:19.000
1104,1.683123,2022-10-26 10:38:19.250
1105,1.671591,2022-10-26 10:38:19.500
1106,1.670309,2022-10-26 10:38:19.750
1107,1.665184,2022-10-26 10:38:20.000
1108,1.657495,2022-10-26 10:38:20.250
1109,1.653651,2022-10-26 10:38:20.500
1110,1.651088,2022-10-26 10:38:20.750
1111,1.653651,2022-10-26 10:38:21.000
1112,1.644681,2022-10-26 10:38:21.250
1113,1.640837,2022-10-26 10:38:21.500
1114,1.633149,2022-10-26 10:38:21.750
1115,1.631867,2022-10-26 10:38:22.000
1116,1.622897,2022-10-26 10:38:22.250
1117,1.624179,2022-10-26 10:38:22.500
1118,1.621616,2022-10-26 10:38:22.750
1119,1.624179,2022-10-26 10:38:23.000
1120,1.62546,2022-10-26 10:38:23.250
1121,1.621616,2022-10-26 10:38:23.500
1122,1.617772,2022-10-26 10:38:23.750
1123,1.621616,2022-10-26 10:38:24.000
1124,1.617772,2022-10-26 10:38:24.250
1125,1.617772,2022-10-26 10:38:24.500
1126,1.629304,2022-10-26 10:38:24.750
1127,1.660058,2022-10-26 10:38:25.000
1128,1.713877,2022-10-26 10:38:25.250
1129,1.788199,2022-10-26 10:38:25.500
1130,1.884305,2022-10-26 10:38:25.750
1131,1.976566,2022-10-26 10:38:26.000
1132,2.050888,2022-10-26 10:38:26.250
1133,2.109833,2022-10-26 10:38:26.500
1134,2.166214,2022-10-26 10:38:26.750
1135,2.200812,2022-10-26 10:38:27.000
1136,2.217471,2022-10-26 10:38:27.250
1137,2.213626,2022-10-26 10:38:27.500
1138,2.191843,2022-10-26 10:38:27.750
1139,2.164933,2022-10-26 10:38:28.000
1140,2.146993,2022-10-26 10:38:28.250
1141,2.11624,2022-10-26 10:38:28.500
1142,2.084204,2022-10-26 10:38:28.750
1143,2.058576,2022-10-26 10:38:29.000
1144,2.038074,2022-10-26 10:38:29.250
1145,2.020134,2022-10-26 10:38:29.500
1146,2.000913,2022-10-26 10:38:29.750
1147,1.979129,2022-10-26 10:38:30.000
1148,1.968878,2022-10-26 10:38:30.250
1149,1.953501,2022-10-26 10:38:30.500
1150,1.938124,2022-10-26 10:38:30.750
1151,1.897119,2022-10-26 10:38:31.000
1152,1.886867,2022-10-26 10:38:31.250
1153,1.888149,2022-10-26 10:38:31.500
1154,1.881742,2022-10-26 10:38:31.750
1155,1.874053,2022-10-26 10:38:32.000
1156,1.877898,2022-10-26 10:38:32.250
1157,1.861239,2022-10-26 10:38:32.500
1158,1.849707,2022-10-26 10:38:32.750
1159,1.839455,2022-10-26 10:38:33.000
1160,1.826641,2022-10-26 10:38:33.250
1161,1.821516,2022-10-26 10:38:33.500
1162,1.815109,2022-10-26 10:38:33.750
1163,1.794606,2022-10-26 10:38:34.000
1164,1.802294,2022-10-26 10:38:34.250
1165,1.815109,2022-10-26 10:38:34.500
1166,1.817671,2022-10-26 10:38:34.750
1167,1.827923,2022-10-26 10:38:35.000
1168,1.829204,2022-10-26 10:38:35.250
1169,1.829204,2022-10-26 10:38:35.500
1170,1.820234,2022-10-26 10:38:35.750
1171,1.79845,2022-10-26 10:38:36.000
1172,1.784355,2022-10-26 10:38:36.250
1173,1.777948,2022-10-26 10:38:36.500
1174,1.772822,2022-10-26 10:38:36.750
1175,1.775385,2022-10-26 10:38:37.000
1176,1.775385,2022-10-26 10:38:37.250
1177,1.766415,2022-10-26 10:38:37.500
1178,1.818953,2022-10-26 10:38:37.750
1179,1.909933,2022-10-26 10:38:38.000
1180,2.044481,2022-10-26 10:38:38.250
1181,2.226441,2022-10-26 10:38:38.500
1182,2.368677,2022-10-26 10:38:38.750
1183,2.455813,2022-10-26 10:38:39.000
1184,2.604806,2022-10-26 10:38:39.250
1185,2.665033,2022-10-26 10:38:39.500
1186,2.695786,2022-10-26 10:38:39.750
1187,2.700912,2022-10-26 10:38:40.000
1188,2.706038,2022-10-26 10:38:40.250
1189,2.695786,2022-10-26 10:38:40.500
1190,2.649656,2022-10-26 10:38:40.750
1191,2.472821,2022-10-26 10:38:41.000
1192,2.449756,2022-10-26 10:38:41.250
1193,2.438223,2022-10-26 10:38:41.500
1194,2.406188,2022-10-26 10:38:41.750
1195,2.394655,2022-10-26 10:38:42.000
1196,2.317771,2022-10-26 10:38:42.250
1197,2.222947,2022-10-26 10:38:42.500
1198,2.161439,2022-10-26 10:38:42.750
